"profile","planKey","plan","interval","creditsUsed","includedCredits","topUpCredits","membershipRevenueUsd","topUpRevenueUsd","aiCostUsd","backgroundAiCostUsd","providerCalls","unusedPaidCredits","prepaidAiReserveUsd","stripeFeesUsd","contributionBeforeServiceUsd","contributionBeforeServicePercent","humanServiceCostUsd","illustrativeInfrastructureUsd","contributionAfterIllustrativeServiceUsd","contributionAfterIllustrativeServicePercent"
"Light","creator","Studio","monthly","281","1000","0","99","0","0.89","0.0184","56","0","0","3.86","94.25","95.2","0","5","89.25","90.1"
"Moderate","creator","Studio","monthly","1294","1000","500","99","20","4.19","0.0368","239","206","1.03","4.74","109.04","91.6","0","5","104.04","87.4"
"Heavy","creator","Studio","monthly","4702","1000","4000","99","140","15.69","0.0735","980","298","1.49","9.12","212.7","89","0","5","207.7","86.9"
"Light","business","Guided","monthly","281","2500","0","499","0","0.89","0.0184","56","0","0","18.26","479.85","96.2","125","5","349.85","70.1"
"Moderate","business","Guided","monthly","1294","2500","0","499","0","4.19","0.0368","239","0","0","18.26","476.55","95.5","125","5","346.55","69.4"
"Heavy","business","Guided","monthly","4702","2500","2500","499","90","15.69","0.0735","980","298","1.49","21.77","550.05","93.4","125","5","420.05","71.3"
"Light","partner","Partner","monthly","281","6000","0","1199","0","0.89","0.0184","56","0","0","43.46","1154.65","96.3","541.67","5","607.98","50.7"
"Moderate","partner","Partner","monthly","1294","6000","0","1199","0","4.19","0.0368","239","0","0","43.46","1151.35","96","541.67","5","604.68","50.4"
"Heavy","partner","Partner","monthly","4702","6000","0","1199","0","15.69","0.0735","980","0","0","43.46","1139.85","95.1","541.67","5","593.18","49.5"
"Light","creator","Studio","annual-month-equivalent","281","1000","0","82.5","0","0.89","0.0184","56","0","0","3","78.62","95.3","0","5","73.62","89.2"
"Moderate","creator","Studio","annual-month-equivalent","1294","1000","500","82.5","20","4.19","0.0368","239","206","1.03","3.88","93.41","91.1","0","5","88.41","86.3"
"Heavy","creator","Studio","annual-month-equivalent","4702","1000","4000","82.5","140","15.69","0.0735","980","298","1.49","8.26","197.06","88.6","0","5","192.06","86.3"
"Light","business","Guided","annual-month-equivalent","281","2500","0","415.83","0","0.89","0.0184","56","0","0","15","399.95","96.2","125","5","269.95","64.9"
"Moderate","business","Guided","annual-month-equivalent","1294","2500","0","415.83","0","4.19","0.0368","239","0","0","15","396.65","95.4","125","5","266.65","64.1"
"Heavy","business","Guided","annual-month-equivalent","4702","2500","2500","415.83","90","15.69","0.0735","980","298","1.49","18.51","470.15","92.9","125","5","340.15","67.2"
"Light","partner","Partner","annual-month-equivalent","281","6000","0","999.17","0","0.89","0.0184","56","0","0","36","962.28","96.3","541.67","5","415.62","41.6"
"Moderate","partner","Partner","annual-month-equivalent","1294","6000","0","999.17","0","4.19","0.0368","239","0","0","36","958.98","96","541.67","5","412.32","41.3"
"Heavy","partner","Partner","annual-month-equivalent","4702","6000","0","999.17","0","15.69","0.0735","980","0","0","36","947.48","94.8","541.67","5","400.81","40.1"
